product_code,product_name,product_price
63276183,Canvas Flap Top Backpack - Black,$25
63371130,Rib Knit Beanie - Oatmeal Fleck,$10
63423419,Textured Knit Beanie - Mustard,$10
63371154,Rib Knit Beanie - Charcoal Fleck,$10
63042627,Leather Billfold Wallet - Brown,$25
63321036,Zoo York Beanie - Black,$15
63321043,Zoo York Beanie - Khaki,$15
63042610,Leather Billfold Wallet - Black,$25
62909235,Buckle Belt - Black,$25
62909242,Buckle Belt - Tan,$25
63302776,Touch Screen Gloves- Black,$8
63303117,Cable Knit Beanie - Navy Blue,$10
63207682,Thinsulate Beanie - Black,$10
63371147,Rib Knit Beanie - Black Fleck,$10
63302769,Fingerless Gloves - Black,$8
63207675,Thinsulate Beanie - Twisted Grey,$10
62906913,Southbank Leather Belt,$20
62909532,Leather Plaited Belt,$30
63433623,Mens Chronograph Watch - Black,$25
63433579,Digital Pedometer Watch - Black,$35
63433616,Mens Chronograph Watch - Tan,$25
62907835,Revo Stitch Leather Belt - Black/Brown,$25
62907439,Revo Stitch Leather Belt - Brown/Black,$25
62902601,Kensington Plate Buckle Belt - Black,$25
62908047,Slim Textured Reversible Leather Belt - Black,$25
62908658,Antique Leather Buckle Belt,$30
63241730,Mouv Commuter Laptop Messenger Bag - Black,$39
63241723,Mouv Commuter Garment Duffle Bag - Black,$49
63241716,Mouv Commuter Laptop Backpack - Black,$49
63211191,Mouv Pac-A-Duffle Bag - Black,$25
63276183,Canvas Flap Top Backpack - Black,$25
63371130,Rib Knit Beanie - Oatmeal Fleck,$10
63423419,Textured Knit Beanie - Mustard,$10
63371154,Rib Knit Beanie - Charcoal Fleck,$10
63042627,Leather Billfold Wallet - Brown,$25
63321036,Zoo York Beanie - Black,$15
63321043,Zoo York Beanie - Khaki,$15
63042610,Leather Billfold Wallet - Black,$25
62909235,Buckle Belt - Black,$25
62909242,Buckle Belt - Tan,$25
63302776,Touch Screen Gloves- Black,$8
63303117,Cable Knit Beanie - Navy Blue,$10
63207682,Thinsulate Beanie - Black,$10
63371147,Rib Knit Beanie - Black Fleck,$10
63302769,Fingerless Gloves - Black,$8
63207675,Thinsulate Beanie - Twisted Grey,$10
62906913,Southbank Leather Belt,$20
62909532,Leather Plaited Belt,$30
63433623,Mens Chronograph Watch - Black,$25
63433579,Digital Pedometer Watch - Black,$35
63433616,Mens Chronograph Watch - Tan,$25
62907835,Revo Stitch Leather Belt - Black/Brown,$25
62907439,Revo Stitch Leather Belt - Brown/Black,$25
62902601,Kensington Plate Buckle Belt - Black,$25
62908047,Slim Textured Reversible Leather Belt - Black,$25
62908658,Antique Leather Buckle Belt,$30
63241730,Mouv Commuter Laptop Messenger Bag - Black,$39
63241723,Mouv Commuter Garment Duffle Bag - Black,$49
63241716,Mouv Commuter Laptop Backpack - Black,$49
63211191,Mouv Pac-A-Duffle Bag - Black,$25
63276183,Canvas Flap Top Backpack - Black,$25
63371130,Rib Knit Beanie - Oatmeal Fleck,$10
63423419,Textured Knit Beanie - Mustard,$10
63371154,Rib Knit Beanie - Charcoal Fleck,$10
63042627,Leather Billfold Wallet - Brown,$25
63321036,Zoo York Beanie - Black,$15
63321043,Zoo York Beanie - Khaki,$15
63042610,Leather Billfold Wallet - Black,$25
62909235,Buckle Belt - Black,$25
62909242,Buckle Belt - Tan,$25
63302776,Touch Screen Gloves- Black,$8
63303117,Cable Knit Beanie - Navy Blue,$10
63207682,Thinsulate Beanie - Black,$10
63371147,Rib Knit Beanie - Black Fleck,$10
63302769,Fingerless Gloves - Black,$8
63207675,Thinsulate Beanie - Twisted Grey,$10
62906913,Southbank Leather Belt,$20
62909532,Leather Plaited Belt,$30
63433623,Mens Chronograph Watch - Black,$25
63433579,Digital Pedometer Watch - Black,$35
63433616,Mens Chronograph Watch - Tan,$25
62907835,Revo Stitch Leather Belt - Black/Brown,$25
62907439,Revo Stitch Leather Belt - Brown/Black,$25
62902601,Kensington Plate Buckle Belt - Black,$25
62908047,Slim Textured Reversible Leather Belt - Black,$25
62908658,Antique Leather Buckle Belt,$30
63241730,Mouv Commuter Laptop Messenger Bag - Black,$39
63241723,Mouv Commuter Garment Duffle Bag - Black,$49
63241716,Mouv Commuter Laptop Backpack - Black,$49
63211191,Mouv Pac-A-Duffle Bag - Black,$25
63276183,Canvas Flap Top Backpack - Black,$25
63371130,Rib Knit Beanie - Oatmeal Fleck,$10
63423419,Textured Knit Beanie - Mustard,$10
63371154,Rib Knit Beanie - Charcoal Fleck,$10
63042627,Leather Billfold Wallet - Brown,$25
63321036,Zoo York Beanie - Black,$15
63321043,Zoo York Beanie - Khaki,$15
63042610,Leather Billfold Wallet - Black,$25
62909235,Buckle Belt - Black,$25
62909242,Buckle Belt - Tan,$25
63302776,Touch Screen Gloves- Black,$8
63303117,Cable Knit Beanie - Navy Blue,$10
63207682,Thinsulate Beanie - Black,$10
63371147,Rib Knit Beanie - Black Fleck,$10
63302769,Fingerless Gloves - Black,$8
63207675,Thinsulate Beanie - Twisted Grey,$10
62906913,Southbank Leather Belt,$20
62909532,Leather Plaited Belt,$30
63433623,Mens Chronograph Watch - Black,$25
63433579,Digital Pedometer Watch - Black,$35
63433616,Mens Chronograph Watch - Tan,$25
62907835,Revo Stitch Leather Belt - Black/Brown,$25
62907439,Revo Stitch Leather Belt - Brown/Black,$25
62902601,Kensington Plate Buckle Belt - Black,$25
62908047,Slim Textured Reversible Leather Belt - Black,$25
62908658,Antique Leather Buckle Belt,$30
63241730,Mouv Commuter Laptop Messenger Bag - Black,$39
63241723,Mouv Commuter Garment Duffle Bag - Black,$49
63241716,Mouv Commuter Laptop Backpack - Black,$49
63211191,Mouv Pac-A-Duffle Bag - Black,$25
63276183,Canvas Flap Top Backpack - Black,$25
63371130,Rib Knit Beanie - Oatmeal Fleck,$10
63423419,Textured Knit Beanie - Mustard,$10
63371154,Rib Knit Beanie - Charcoal Fleck,$10
63042627,Leather Billfold Wallet - Brown,$25
63321036,Zoo York Beanie - Black,$15
63321043,Zoo York Beanie - Khaki,$15
63042610,Leather Billfold Wallet - Black,$25
62909235,Buckle Belt - Black,$25
62909242,Buckle Belt - Tan,$25
63302776,Touch Screen Gloves- Black,$8
63303117,Cable Knit Beanie - Navy Blue,$10
63207682,Thinsulate Beanie - Black,$10
63371147,Rib Knit Beanie - Black Fleck,$10
63302769,Fingerless Gloves - Black,$8
63207675,Thinsulate Beanie - Twisted Grey,$10
62906913,Southbank Leather Belt,$20
62909532,Leather Plaited Belt,$30
63433623,Mens Chronograph Watch - Black,$25
63433579,Digital Pedometer Watch - Black,$35
63433616,Mens Chronograph Watch - Tan,$25
62907835,Revo Stitch Leather Belt - Black/Brown,$25
62907439,Revo Stitch Leather Belt - Brown/Black,$25
62902601,Kensington Plate Buckle Belt - Black,$25
62908047,Slim Textured Reversible Leather Belt - Black,$25
62908658,Antique Leather Buckle Belt,$30
63241730,Mouv Commuter Laptop Messenger Bag - Black,$39
63241723,Mouv Commuter Garment Duffle Bag - Black,$49
63241716,Mouv Commuter Laptop Backpack - Black,$49
63211191,Mouv Pac-A-Duffle Bag - Black,$25
63276183,Canvas Flap Top Backpack - Black,$25
63371130,Rib Knit Beanie - Oatmeal Fleck,$10
63423419,Textured Knit Beanie - Mustard,$10
63371154,Rib Knit Beanie - Charcoal Fleck,$10
63042627,Leather Billfold Wallet - Brown,$25
63321036,Zoo York Beanie - Black,$15
63321043,Zoo York Beanie - Khaki,$15
63042610,Leather Billfold Wallet - Black,$25
62909235,Buckle Belt - Black,$25
62909242,Buckle Belt - Tan,$25
63302776,Touch Screen Gloves- Black,$8
63303117,Cable Knit Beanie - Navy Blue,$10
63207682,Thinsulate Beanie - Black,$10
63371147,Rib Knit Beanie - Black Fleck,$10
63302769,Fingerless Gloves - Black,$8
63207675,Thinsulate Beanie - Twisted Grey,$10
62906913,Southbank Leather Belt,$20
62909532,Leather Plaited Belt,$30
63433623,Mens Chronograph Watch - Black,$25
63433579,Digital Pedometer Watch - Black,$35
63433616,Mens Chronograph Watch - Tan,$25
62907835,Revo Stitch Leather Belt - Black/Brown,$25
62907439,Revo Stitch Leather Belt - Brown/Black,$25
62902601,Kensington Plate Buckle Belt - Black,$25
62908047,Slim Textured Reversible Leather Belt - Black,$25
62908658,Antique Leather Buckle Belt,$30
63241730,Mouv Commuter Laptop Messenger Bag - Black,$39
63241723,Mouv Commuter Garment Duffle Bag - Black,$49
63241716,Mouv Commuter Laptop Backpack - Black,$49
63211191,Mouv Pac-A-Duffle Bag - Black,$25
